id, first_name, last_name, age, phone, email, department, rolename
442106,Jonathan,Poiana,56,(372) 669-6096,JPoiana281@cityinthesky.com,=RANDARRAY,,,,Dining
869982,Rebecca,Villareal,58,(355) 500-9320,RVillareal186@cityinthesky.com,Attractions,,,,Merchandise
618018,Yohaness,Cunningham,59,(889) 630-4059,YCunningham576@cityinthesky.com,Attractions,,,,Attractions
676922,Zak,Yevchyn,31,(756) 356-5269,ZYevchyn735@cityinthesky.com,Custodial,,,,Custodial
398848,Michael,Tamirat,29,(907) 433-5019,MTamirat273@cityinthesky.com,Dining,,,,Ticketing
498905,Michael,Sarmiento,42,(910) 840-4472,MSarmiento501@cityinthesky.com,,,,,Security
472739,Jam ,Pacis,49,(989) 334-5731,JPacis136@cityinthesky.com,Custodial,,,,Maintanence
839167,Sean,Ho,54,(589) 639-7793,SHo786@cityinthesky.com,,,,,Entertainment
572919,Abdel,Abdalla,27,(734) 586-6404,AAbdalla488@cityinthesky.com,,,,,
226585,Maria,Trujillo,22,(946) 124-3756,MTrujillo308@cityinthesky.com,,,,,
412240,Deanna,Montes de Oca,48,(912) 396-6531,DMontes de Oca763@cityinthesky.com,Merchandise,,,,
315161,Faisal,Ali,57,(649) 762-2656,FAli623@cityinthesky.com,,,,,
642180,Mo,Salim,31,(266) 914-3879,MSalim47@cityinthesky.com,Merchandise,,,,
534201,Jason,Lam,34,(934) 965-9803,JLam465@cityinthesky.com,,,,,
607739,Lorenzo ,Turner,19,(575) 720-9755,LTurner105@cityinthesky.com,,,,,
643717,Abby,Herrera,59,(486) 492-7967,AHerrera356@cityinthesky.com,Attractions,,,,
546923,Deondra,Eleng,39,(311) 366-4331,DEleng816@cityinthesky.com,,,,,
244569,Farah,Abdullahi,33,(647) 093-7350,FAbdullahi148@cityinthesky.com,,,,,
899633,Huy,Nguyen,49,(522) 596-9906,HNguyen166@cityinthesky.com,Custodial,,,,
133628,Joey,Chim,53,(235) 312-0861,JChim139@cityinthesky.com,,,,,
234669,Payshense,Richmond,34,(842) 303-2572,PRichmond487@cityinthesky.com,Dining,,,,
272149,Hamza,Said,18,(171) 170-9799,HSaid519@cityinthesky.com,,,,,
755085,Jimmy,Ramirez,24,(626) 797-0003,JRamirez864@cityinthesky.com,,,,,
241986,Alex,Cunningham,22,(229) 458-8488,ACunningham57@cityinthesky.com,,,,,
960116,Hunde ,Werabu,20,(317) 084-5134,HWerabu195@cityinthesky.com,Attractions,,,,
607103,Ayub,Ibrahim,59,(925) 804-5922,AIbrahim913@cityinthesky.com,,,,,
166065,Kenny,Thao,32,(924) 942-7118,KThao465@cityinthesky.com,,,,,
582864,Michael,Thao,24,(893) 718-0671,MThao143@cityinthesky.com,Merchandise,,,,
221340,Trey,Sampson,28,(381) 611-9189,TSampson910@cityinthesky.com,,,,,
168709,Yasmin,Thalib,59,(246) 546-4039,YThalib118@cityinthesky.com,,,,,
812145,Nathan,Cole,49,(677) 644-6780,NCole694@cityinthesky.com,Custodial,,,,
794801,Corey,Fike,28,(663) 664-9170,CFike807@cityinthesky.com,,,,,
298487,Nicole,Bade,20,(933) 996-6950,NBade304@cityinthesky.com,Dining,,,,
776262,Paulina,Hernandez,55,(845) 810-7971,PHernandez566@cityinthesky.com,Dining,,,,
917058,Ricardo,Cruz,20,(818) 325-0020,RCruz495@cityinthesky.com,,,,,
248609,Melissa,Schade,52,(155) 732-5445,MSchade35@cityinthesky.com,,,,,
116895,Tatiana,Heck,60,(418) 413-2139,THeck235@cityinthesky.com,Custodial,,,,
843641,Thomas,Wilson,35,(293) 591-6701,TWilson80@cityinthesky.com,,,,,
658804,Michael,Ford,35,(986) 399-3702,MFord468@cityinthesky.com,Attractions,,,,
345435,Michael,Baldwin,49,(267) 804-3580,MBaldwin511@cityinthesky.com,Attractions,,,,
136067,Joel,Ellis,53,(876) 470-5508,JEllis843@cityinthesky.com,,,,,
347245,Kurt ,Henderson,43,(985) 327-4188,KHenderson542@cityinthesky.com,,,,,
248215,Alexander,West,48,(274) 078-1189,AWest263@cityinthesky.com,,,,,
456242,Audrey,Robbins,51,(599) 145-8928,ARobbins301@cityinthesky.com,Merchandise,,,,
900912,Alyssa ,Gray,53,(284) 047-7143,AGray603@cityinthesky.com,,,,,
931774,Brandon,Fisher,18,(698) 928-6574,BFisher734@cityinthesky.com,,,,,
723343,Helen,Powell,30,(258) 490-8541,HPowell94@cityinthesky.com,Dining,,,,
878483,Jessie,Jennings,59,(535) 375-6601,JJennings754@cityinthesky.com,Dining,,,,
205739,Julius ,Wilson,30,(417) 635-9698,JWilson169@cityinthesky.com,,,,,
954702,Wilson,White,40,(419) 087-5032,WWhite804@cityinthesky.com,Dining,,,,
698515,Jaime,Haynes,34,(656) 014-5948,JHaynes444@cityinthesky.com,,,,,
699460,Ramiro,Williams,48,(103) 253-1014,RWilliams416@cityinthesky.com,,,,,
272803,Lauren,Bates,34,(950) 808-0185,LBates893@cityinthesky.com,Attractions,,,,
780187,Andrea,Mitchell,40,(748) 408-7344,AMitchell635@cityinthesky.com,,,,,
787384,Jon,Blake,31,(268) 341-9797,JBlake166@cityinthesky.com,Attractions,,,,
153255,Salvatore,Dawson,55,(780) 464-7756,SDawson350@cityinthesky.com,,,,,
574462,Tamara,Baker,24,(165) 276-5434,TBaker112@cityinthesky.com,Dining,,,,
747517,Camille,Gardner,39,(606) 342-0112,CGardner432@cityinthesky.com,,,,,
546049,Adrian,Mcgee,36,(850) 463-3398,AMcgee752@cityinthesky.com,,,,,
224229,Clarence,Garrett,50,(530) 604-4033,CGarrett428@cityinthesky.com,,,,,
644579,Melvin,Mathis,60,(690) 564-0943,MMathis135@cityinthesky.com,Merchandise,,,,
296152,Lonnie,Houston,20,(351) 965-5085,LHouston669@cityinthesky.com,Merchandise,,,,
974613,Leigh,Lawson,40,(340) 021-8432,LLawson671@cityinthesky.com,,,,,
991326,Lynn,Barker,49,(698) 706-4701,LBarker293@cityinthesky.com,,,,,
481487,Lynn,Barker,48,(478) 554-4908,LBarker663@cityinthesky.com,,,,,
727435,Lynda,Clark,21,(706) 638-3491,LClark757@cityinthesky.com,Dining,,,,
585174,Lynda,Clark,53,(427) 452-4465,LClark304@cityinthesky.com,,,,,
256736,Andres,Rios,30,(407) 393-0321,ARios454@cityinthesky.com,Dining,,,,
378428,Benny,Hampton,21,(821) 458-9244,BHampton762@cityinthesky.com,,,,,
415937,Marion,Norman,44,(661) 284-2409,MNorman79@cityinthesky.com,,,,,
435824,Hubert,Valdez,27,(698) 728-3465,HValdez214@cityinthesky.com,,,,,
927686,Erick ,Duncan,44,(261) 987-4470,EDuncan274@cityinthesky.com,,,,,
878257,Michael ,Wagner,47,(599) 185-6881,MWagner577@cityinthesky.com,Merchandise,,,,
957920,Michael ,Wagner,36,(506) 402-5743,MWagner349@cityinthesky.com,,,,,
125480,Michael ,Wagner,58,(951) 234-2945,MWagner371@cityinthesky.com,,,,,
883965,Michael ,Wagner,58,(939) 180-6744,MWagner361@cityinthesky.com,Attractions,,,,
781093,Michael ,Wagner,56,(323) 774-9120,MWagner469@cityinthesky.com,,,,,
469917,Bill,Newman,45,(974) 917-4377,BNewman31@cityinthesky.com,,,,,
194911,Bill,Newman,49,(730) 731-6620,BNewman753@cityinthesky.com,Attractions,,,,
999088,Bill,Newman,38,(839) 206-0133,BNewman50@cityinthesky.com,Attractions,,,,
501924,Bill,Newman,24,(728) 658-8186,BNewman63@cityinthesky.com,,,,,
411494,Bill,Newman,52,(919) 484-7451,BNewman206@cityinthesky.com,,,,,
602160,Angel,Bowen,32,(415) 622-6184,ABowen108@cityinthesky.com,Dining,,,,
342462,Vera,Dixon,53,(209) 223-7947,VDixon859@cityinthesky.com,Dining,,,,
889894,Harriet,Ramos,45,(663) 086-5853,HRamos328@cityinthesky.com,,,,,
387800,Elisa,Rivera,42,(632) 155-3764,ERivera228@cityinthesky.com,,,,,
153124,Leah,Hansen,22,(176) 381-4927,LHansen832@cityinthesky.com,Attractions,,,,
366929,Leah,Hansen,43,(953) 671-5249,LHansen968@cityinthesky.com,,,,,
508652,Leah,Hansen,18,(327) 474-7814,LHansen579@cityinthesky.com,,,,,
455808,Kristine,Ross,34,(774) 879-6992,KRoss715@cityinthesky.com,,,,,
477313,Melissa,Patterson,22,(822) 974-5190,MPatterson380@cityinthesky.com,Merchandise,,,,
291459,Sonya,Thompson,27,(385) 277-9515,SThompson375@cityinthesky.com,,,,,
408129,Essie,Pope,41,(497) 582-1368,EPope297@cityinthesky.com,,,,,
887413,Tommie,Brooks,22,(778) 025-9620,TBrooks728@cityinthesky.com,,,,,
357111,Ervin,Barrett,57,(466) 011-7695,EBarrett47@cityinthesky.com,Attractions,,,,
287603,Ricky ,Steele,44,(492) 263-2114,RSteele839@cityinthesky.com,Attractions,,,,
731635,Ernesto,Martin,20,(260) 528-8107,EMartin656@cityinthesky.com,Attractions,,,,
409455,Brooke,Guerrero,52,(963) 663-7259,BGuerrero549@cityinthesky.com,,,,,
394332,Guadalupe,Knight,46,(370) 862-9478,GKnight571@cityinthesky.com,,,,,
